Label,String
bruno_meyere_unknown,"bruno_meyere_unknown"
gurvan_le_guen_noe,"gurvan_le_guen_noe"
inoue_fumiya_dh,"inoue_fumiya_dh"
irie_tokushun_imagica_bhe,"irie_tokushun_imagica_bhe"
ishida_hiroki_ncl,"ishida_hiroki_ncl"
kawata_yoshimasa_kenproduction,"kawata_yoshimasa_kenproduction"
koike_yusuke_cri,"koike_yusuke_cri"
manel_gimeno_unknown,"manel_gimeno_unknown"
mimura_go_ncl,"mimura_go_ncl"
oshima_tatsuo_mls,"oshima_tatsuo_mls"
shimizu_yuki_ncl,"shimizu_yuki_ncl"
shimotamari_takafumi_mls,"shimotamari_takafumi_mls"
suezaki_taiyo_mls,"suezaki_taiyo_mls"
victoria_valeria_becker_noe,"victoria_valeria_becker_noe"
yamada_yoshimitsu_ncl,"yamada_yoshimitsu_ncl"
yamaki_atsushi_shirogumi,"yamaki_atsushi_shirogumi"
amaduki_yusuke_imagica,"amaduki_yusuke_imagica"
digital_hearts_co__ltd__corp,"digital_hearts_co__ltd__corp"
inoue_masayoshi_mls,"inoue_masayoshi_mls"
kanamaru_yukihiro_srd,"kanamaru_yukihiro_srd"
matsuoka_daisuke_nac,"matsuoka_daisuke_nac"
nerd_technology_development_team_corp,"nerd_technology_development_team_corp"
okuyama_hiroyuki_shirogumi,"okuyama_hiroyuki_shirogumi"
ota_makoto_ncl,"ota_makoto_ncl"
sakano_hiroki_polycraft,"sakano_hiroki_polycraft"
sakurai_yuki_seven dreams,"sakurai_yuki_seven dreams"
sound_inn_studios_inc__corp,"sound_inn_studios_inc__corp"
tamaya_junnosuke_dh,"tamaya_junnosuke_dh"
tamura_kensuke_artsvision,"tamura_kensuke_artsvision"
taniguchi_akitoshi_mc,"taniguchi_akitoshi_mc"
urushibata_yuki_imagica_bhe,"urushibata_yuki_imagica_bhe"
yoneda_hideyuki_dh,"yoneda_hideyuki_dh"
anastasiya_biryukova_unknown,"anastasiya_biryukova_unknown"
anastasiya_shestovskaya_unknown,"anastasiya_shestovskaya_unknown"
endo_naohiro_twentyeleven,"endo_naohiro_twentyeleven"
fukui_sakika_cri,"fukui_sakika_cri"
hamada_yuria_mls,"hamada_yuria_mls"
koide_shinji_mls,"koide_shinji_mls"
martina_felli_unknown,"martina_felli_unknown"
matsumoto_yuki_pmc,"matsumoto_yuki_pmc"
mizuochi_yukiko_artsvision,"mizuochi_yukiko_artsvision"
nagasawa_kentaro_ncl,"nagasawa_kentaro_ncl"
nishino_takanori_ncl,"nishino_takanori_ncl"
otsuki_akari_imagica_bhe,"otsuki_akari_imagica_bhe"
oyama_yoshiyuki_ncl,"oyama_yoshiyuki_ncl"
sara_boelke_noa,"sara_boelke_noa"
suzuki_takashi_thoris,"suzuki_takashi_thoris"
takahashi_bungo_mls,"takahashi_bungo_mls"
alondra_hidalgo_unknown,"alondra_hidalgo_unknown"
arai_koh_mls,"arai_koh_mls"
christian_buter_noe,"christian_buter_noe"
fujihara_saki_mc,"fujihara_saki_mc"
fujii_keihan_mls,"fujii_keihan_mls"
jorge_heras_garcia_noe,"jorge_heras_garcia_noe"
kou_ryou_bbds,"kou_ryou_bbds"
matsuoka_arashi_mls,"matsuoka_arashi_mls"
miyajima_mayu_mls,"miyajima_mayu_mls"
miyanaga_makoto_ncl,"miyanaga_makoto_ncl"
muneyasu_shunsuke_mc,"muneyasu_shunsuke_mc"
nishikawa_daisuke_mc,"nishikawa_daisuke_mc"
okui_takeshi_mls,"okui_takeshi_mls"
ptw_(singapore)_pte__ltd___taiwan_branch_corp,"ptw_(singapore)_pte__ltd___taiwan_branch_corp"
ryan_kindel_noa,"ryan_kindel_noa"
unone_aki_unknown,"unone_aki_unknown"
wakui_naoki_imagica_bhe,"wakui_naoki_imagica_bhe"
diamond_desirae_unknown,"diamond_desirae_unknown"
franziska_trunte_unknown,"franziska_trunte_unknown"
inomata_yasushi_zerowave,"inomata_yasushi_zerowave"
jens_wouters_noe,"jens_wouters_noe"
jessica_monceau_unknown,"jessica_monceau_unknown"
magome_kohei_individual,"magome_kohei_individual"
mairo_small_noa,"mairo_small_noa"
naka_shoko_ncl,"naka_shoko_ncl"
nintendo_pictures_co__ltd__corp,"nintendo_pictures_co__ltd__corp"
nosho_takahiro_ncl,"nosho_takahiro_ncl"
sabrina_jouillat_noe,"sabrina_jouillat_noe"
sakaguchi_yuya_dh,"sakaguchi_yuya_dh"
taka_tomoyasu_ncl,"taka_tomoyasu_ncl"
calvin_bulthuis_noa,"calvin_bulthuis_noa"
fujita_yasuhiro_mls,"fujita_yasuhiro_mls"
hagiwara_tomohiro_mls,"hagiwara_tomohiro_mls"
honbu_toru_mls,"honbu_toru_mls"
irie_koki_shirogumi,"irie_koki_shirogumi"
marcus_baretta_noa,"marcus_baretta_noa"
morita_ryoko_ncl,"morita_ryoko_ncl"
perrine_megret_unknown,"perrine_megret_unknown"
suzanne_turgeon_noe,"suzanne_turgeon_noe"
takehiro_yoshida_mls,"takehiro_yoshida_mls"
timothy_faulkner_noe,"timothy_faulkner_noe"
usui_tsukasa_ncl,"usui_tsukasa_ncl"
yui_kasumi_dh,"yui_kasumi_dh"
amabiki_tetsuya_mls,"amabiki_tetsuya_mls"
bill_hutchens_noa,"bill_hutchens_noa"
jaime_collepardo_unknown,"jaime_collepardo_unknown"
laurence_uhlen_noe,"laurence_uhlen_noe"
miura_mikako_mls,"miura_mikako_mls"
mutou_nobuhiro_imagica,"mutou_nobuhiro_imagica"
nihari_makiko_mls,"nihari_makiko_mls"
ohashi_yu_mls,"ohashi_yu_mls"
sarah_nist_noe,"sarah_nist_noe"
shibuya_ayano_kenproduction,"shibuya_ayano_kenproduction"
yokoyama_mitsuru_unknown,"yokoyama_mitsuru_unknown"
yonemaru_ayumi_artsvision,"yonemaru_ayumi_artsvision"
inoue_satoru_artsvision,"inoue_satoru_artsvision"
ishiyama_kaoru_mc,"ishiyama_kaoru_mc"
joshua_yagi-stanton_noa,"joshua_yagi-stanton_noa"
kawaguchi_yuri_imagica_bhe,"kawaguchi_yuri_imagica_bhe"
manna_yamasaki_noa,"manna_yamasaki_noa"
miyake_hiromichi_srd,"miyake_hiromichi_srd"
morimoto_eri_mls,"morimoto_eri_mls"
nagahara_keita_dh,"nagahara_keita_dh"
ogami_ryunosuke_mls,"ogami_ryunosuke_mls"
q_tron_inc__corp,"q_tron_inc__corp"
yoneyama_yukiko_nac,"yoneyama_yukiko_nac"
zhang_ben_shirogumi,"zhang_ben_shirogumi"
andrew_t__scott_noa,"andrew_t__scott_noa"
catherine_hoffman_noa,"catherine_hoffman_noa"
ehara_takahiko_pmc,"ehara_takahiko_pmc"
evan_lobenstein_noa,"evan_lobenstein_noa"
inoue_sakio_mls,"inoue_sakio_mls"
kato_hideaki_imagica_bhe,"kato_hideaki_imagica_bhe"
kawashima_takahiro_mls,"kawashima_takahiro_mls"
nicholas_matz_noa,"nicholas_matz_noa"
okubo_toshihiro_artsvision,"okubo_toshihiro_artsvision"
takeda_kouji_artsvision,"takeda_kouji_artsvision"
toda_yusuke_ncl,"toda_yusuke_ncl"
tomoko_mikami_noa,"tomoko_mikami_noa"
xochitl_ugarte_unknown,"xochitl_ugarte_unknown"
alejandro_martinez_unknown,"alejandro_martinez_unknown"
hagiya_kazuyuki_imagica_bhe,"hagiya_kazuyuki_imagica_bhe"
hasegawa_mai_mls,"hasegawa_mai_mls"
iguchi_sayaka_mls,"iguchi_sayaka_mls"
keywords_studios_mexico_corp,"keywords_studios_mexico_corp"
nakajima_carin_mls,"nakajima_carin_mls"
robert_heiret_noa,"robert_heiret_noa"
sonoda_yutaka_imagica,"sonoda_yutaka_imagica"
anais_delva_unknown,"anais_delva_unknown"
ihara_kunihito_mls,"ihara_kunihito_mls"
lara_gibran_noa,"lara_gibran_noa"
matsuda_takahiro_ncl,"matsuda_takahiro_ncl"
miyaki_yoshio_quackluck,"miyaki_yoshio_quackluck"
natalia_gracheva_unknown,"natalia_gracheva_unknown"
okuda_takahiro_ncl,"okuda_takahiro_ncl"
sano_takashi_imagica,"sano_takashi_imagica"
sube_wakana_artsvision,"sube_wakana_artsvision"
takaki_gentaro_srd,"takaki_gentaro_srd"
yamaguchi_misa_bbds,"yamaguchi_misa_bbds"
yamakawa_chihiro_bbds,"yamakawa_chihiro_bbds"
hinagata_takumi_mls,"hinagata_takumi_mls"
kento_oiwa_noa,"kento_oiwa_noa"
mirolyub_radoslavov_hristov_nerd,"mirolyub_radoslavov_hristov_nerd"
nachi_hiroki_mc,"nachi_hiroki_mc"
nintendosdk_development_team_corp,"nintendosdk_development_team_corp"
sasaki_hideyoshi_dh,"sasaki_hideyoshi_dh"
tatezawa_takashi_polycraft,"tatezawa_takashi_polycraft"
teresa_dugnol_noe,"teresa_dugnol_noe"
tsuruoka_toshikazu_mls,"tsuruoka_toshikazu_mls"
amma_masato_ncl,"amma_masato_ncl"
fernanda_ortiz_unknown,"fernanda_ortiz_unknown"
francesco_rizzi_unknown,"francesco_rizzi_unknown"
hashimoto_toshiyuki_mls,"hashimoto_toshiyuki_mls"
ito_shingo_pmc,"ito_shingo_pmc"
iwawaki_toshio_srd,"iwawaki_toshio_srd"
jodai_junshi_ncl,"jodai_junshi_ncl"
kawabata_masayuki_mls,"kawabata_masayuki_mls"
kenneth_treffry_noa,"kenneth_treffry_noa"
miura_hiroaki_anima,"miura_hiroaki_anima"
naito_masafumi_mls,"naito_masafumi_mls"
nakagawa_yasunori_mls,"nakagawa_yasunori_mls"
oda_yasuhiro_cri,"oda_yasuhiro_cri"
okita_momoka_cri,"okita_momoka_cri"
saito_kota_mls,"saito_kota_mls"
sakaguchi_naoto_dh,"sakaguchi_naoto_dh"
sakai_asuka_mc,"sakai_asuka_mc"
sugiura_hirohide_mls,"sugiura_hirohide_mls"
takeuchi_yu_imagica,"takeuchi_yu_imagica"
tanaka_koji_bbds,"tanaka_koji_bbds"
yamashita_shinji_unknown,"yamashita_shinji_unknown"
ben_howard-hale_noe,"ben_howard-hale_noe"
kawamata_ryuichi_ncl,"kawamata_ryuichi_ncl"
kitayama_moto_dh,"kitayama_moto_dh"
quack-luck_inc__corp,"quack-luck_inc__corp"
ueda_nao_ncl,"ueda_nao_ncl"
uemura_naoki_mls,"uemura_naoki_mls"
wakiyama_tomonari_thoris,"wakiyama_tomonari_thoris"
wang_qiuchen_pmc,"wang_qiuchen_pmc"
anton_ivanchikov_noe,"anton_ivanchikov_noe"
asakura_atsushi_ncl,"asakura_atsushi_ncl"
david_martin_navarro_noe,"david_martin_navarro_noe"
gab_bergollo_drouyn_noa,"gab_bergollo_drouyn_noa"
hazuki_nara_cri,"hazuki_nara_cri"
ito_yoshio_pmc,"ito_yoshio_pmc"
iwanaga_kousuke_imagica,"iwanaga_kousuke_imagica"
izumi_yuki_imagica,"izumi_yuki_imagica"
kubota_hiroyuki_mls,"kubota_hiroyuki_mls"
morita_jyo_mls,"morita_jyo_mls"
olivia_vives_unknown,"olivia_vives_unknown"
sound_racer_ltd__corp,"sound_racer_ltd__corp"
takaguchi_kousuke_kenproduction,"takaguchi_kousuke_kenproduction"
tsuda_showko_kenproduction,"tsuda_showko_kenproduction"
daniele_albrito_noe,"daniele_albrito_noe"
davina_midori_hendroff_imagica_bhe,"davina_midori_hendroff_imagica_bhe"
donald_reignoux_unknown,"donald_reignoux_unknown"
elin_rummel_noa,"elin_rummel_noa"
fukumoto_naonari_srd,"fukumoto_naonari_srd"
hashimoto_yuma_mls,"hashimoto_yuma_mls"
kaida_yuhko_kenproduction,"kaida_yuhko_kenproduction"
kitaoka_jun_mls,"kitaoka_jun_mls"
kuroda_motosuke_shirogumi,"kuroda_motosuke_shirogumi"
lauren_mayfield_unknown,"lauren_mayfield_unknown"
lauro_joshua_remulla_noa,"lauro_joshua_remulla_noa"
miyatake_hirotada_ncl,"miyatake_hirotada_ncl"
tsutsumi_manaka_dh,"tsutsumi_manaka_dh"
yamaguchi_sachie_mls,"yamaguchi_sachie_mls"
yamaguchi_takamasa_mls,"yamaguchi_takamasa_mls"
yokoyama_natsuki_mls,"yokoyama_natsuki_mls"
aaron_leedham_noa,"aaron_leedham_noa"
alejandra_murillo_noa,"alejandra_murillo_noa"
amanda_lopes_noa,"amanda_lopes_noa"
black_beard_design_studio_inc__corp,"black_beard_design_studio_inc__corp"
christine_tran_noa,"christine_tran_noa"
hashimoto_yuya_mls,"hashimoto_yuya_mls"
higashimura_yuri_wachajack,"higashimura_yuri_wachajack"
iwamoto_mitsuo_ncl,"iwamoto_mitsuo_ncl"
kimura_ryota_mc,"kimura_ryota_mc"
kotouno_jun_seven dreams,"kotouno_jun_seven dreams"
kurnia_freddy_bbds,"kurnia_freddy_bbds"
nakagawa_takeshi_bbds,"nakagawa_takeshi_bbds"
nonaka_taro_ncl,"nonaka_taro_ncl"
sato_ryotaro_ncl,"sato_ryotaro_ncl"
silke_matthias_unknown,"silke_matthias_unknown"
sylvain_lemarie_unknown,"sylvain_lemarie_unknown"
takashi_baker_noa,"takashi_baker_noa"
yagi_hiroyuki_ncl,"yagi_hiroyuki_ncl"
yamanaka_taiki_mls,"yamanaka_taiki_mls"
adachi_masato_mls,"adachi_masato_mls"
asai_koji_bbds,"asai_koji_bbds"
eiju_umemura_nhl,"eiju_umemura_nhl"
gima_shinya_mls,"gima_shinya_mls"
inata_wataru_mls,"inata_wataru_mls"
kumakura_yasuo_mls,"kumakura_yasuo_mls"
nakamura_eiji_s-racer,"nakamura_eiji_s-racer"
nikolas_blom_noa,"nikolas_blom_noa"
sasaki_shintaro_ncl,"sasaki_shintaro_ncl"
sebastian_bruck_noe,"sebastian_bruck_noe"
sergey_chikhachev_unknown,"sergey_chikhachev_unknown"
side_uk_corp,"side_uk_corp"
takehara_manabu_ncl,"takehara_manabu_ncl"
yannick_carrey_noe,"yannick_carrey_noe"
ashley_minor_noa,"ashley_minor_noa"
enzo_fortuny_unknown,"enzo_fortuny_unknown"
helmut_krauss_unknown,"helmut_krauss_unknown"
imaizumi_hideki_imagica,"imaizumi_hideki_imagica"
joshua_lee_noa,"joshua_lee_noa"
karen_ressler_noa,"karen_ressler_noa"
kawamura_masafumi_ncl,"kawamura_masafumi_ncl"
massimo_di_benedetto_unknown,"massimo_di_benedetto_unknown"
nakamura_yuki_mls,"nakamura_yuki_mls"
ogaki_yuka_mls,"ogaki_yuka_mls"
olarn_bantukul_stu,"olarn_bantukul_stu"
sawamura_yuya_dh,"sawamura_yuya_dh"
sugano_shoichi_mls,"sugano_shoichi_mls"
tanaka_suguru_shirogumi,"tanaka_suguru_shirogumi"
yang_tungyu_imagica_bhe,"yang_tungyu_imagica_bhe"
adachi_shingo_mc,"adachi_shingo_mc"
christelle_liviero_aracena_noa,"christelle_liviero_aracena_noa"
enrique_sanchez_rosa_noe,"enrique_sanchez_rosa_noe"
hitoshi_nishizawa_noa,"hitoshi_nishizawa_noa"
jeewan_chun_nok,"jeewan_chun_nok"
jianhao_cai_imagica_bhe,"jianhao_cai_imagica_bhe"
kemmotsu_yoshihide_imagica,"kemmotsu_yoshihide_imagica"
kitada_yukari_ncl,"kitada_yukari_ncl"
kurazono_yo_mls,"kurazono_yo_mls"
quinn_moreau_noa,"quinn_moreau_noa"
senoo_masumi_mls,"senoo_masumi_mls"
shirotaka_kaishi_dh,"shirotaka_kaishi_dh"
stephane_zussy_noe,"stephane_zussy_noe"
swen_harder_noe,"swen_harder_noe"
tan_boh_sheh_mls,"tan_boh_sheh_mls"
wong_szeki_mls,"wong_szeki_mls"
amit_raut_shirogumi,"amit_raut_shirogumi"
furusawa_hirofumi_mls,"furusawa_hirofumi_mls"
furuta_kazehiko_mc,"furuta_kazehiko_mc"
hidaka_shozo_ncl,"hidaka_shozo_ncl"
imanaka_naoyuki_cri,"imanaka_naoyuki_cri"
jaime_alberto_carrillo_unknown,"jaime_alberto_carrillo_unknown"
jinguji_ryota_ncl,"jinguji_ryota_ncl"
marijke_pustjens_noe,"marijke_pustjens_noe"
matsumoto_mariko_bbds,"matsumoto_mariko_bbds"
nishida_masayasu_rococo,"nishida_masayasu_rococo"
ota_rie_seven dreams,"ota_rie_seven dreams"
ryan_kelley_noa,"ryan_kelley_noa"
takasaki_ryoichi_dh,"takasaki_ryoichi_dh"
tominaga_kentaro_ncl,"tominaga_kentaro_ncl"
dylan_rondeau_noa,"dylan_rondeau_noa"
ishikawa_yuki_mls,"ishikawa_yuki_mls"
jesse_olaguez_noa,"jesse_olaguez_noa"
jolanda_granato_unknown,"jolanda_granato_unknown"
kashiwabara_chie_digitalfrontier,"kashiwabara_chie_digitalfrontier"
kawasaki_mariko_seven dreams,"kawasaki_mariko_seven dreams"
kubo_shota_mls,"kubo_shota_mls"
laura_vinado_noa,"laura_vinado_noa"
matsubara_mayuko_seven dreams,"matsubara_mayuko_seven dreams"
okamura_ayako_mls,"okamura_ayako_mls"
rita_huang_noa,"rita_huang_noa"
sawada_kaho_ncl,"sawada_kaho_ncl"
shimizu_daigo_ncl,"shimizu_daigo_ncl"
tokunaga_yasuhiro_ncl,"tokunaga_yasuhiro_ncl"
wachajack_inc__corp,"wachajack_inc__corp"
william_romick_noa,"william_romick_noa"
honda_rina_ncl,"honda_rina_ncl"
inoue_keijiro_ncl,"inoue_keijiro_ncl"
lydia_aydlette_noa,"lydia_aydlette_noa"
maihan_tran_unknown,"maihan_tran_unknown"
matthew_fosbrook_noe,"matthew_fosbrook_noe"
miyaoka_teruhiko_dh,"miyaoka_teruhiko_dh"
takashi_katagiri_noe,"takashi_katagiri_noe"
wang_zhenyi_mls,"wang_zhenyi_mls"
ariadna_jimenez_unknown,"ariadna_jimenez_unknown"
chen_bolin_ncl,"chen_bolin_ncl"
david_figlar_noa,"david_figlar_noa"
honda_akira_nac,"honda_akira_nac"
itou_hajime_ncl,"itou_hajime_ncl"
jack_veggin_noa,"jack_veggin_noa"
kato_nobuya_mc,"kato_nobuya_mc"
kuranuki_masahiro_quackluck,"kuranuki_masahiro_quackluck"
marco_balbi_unknown,"marco_balbi_unknown"
miyamoto_shigeru_unknown,"miyamoto_shigeru_unknown"
natalia_fischuk_unknown,"natalia_fischuk_unknown"
okayasu_nobuhiko_mls,"okayasu_nobuhiko_mls"
saito_tatsuya_digitalfrontier,"saito_tatsuya_digitalfrontier"
takiguchi_kenta_mls,"takiguchi_kenta_mls"
uchida_kaname_pmc,"uchida_kaname_pmc"
wakai_hajime_ncl,"wakai_hajime_ncl"
winda_benedetti_noa,"winda_benedetti_noa"
arakawa_tetsushi_smileorder,"arakawa_tetsushi_smileorder"
ariga_satoru_cri,"ariga_satoru_cri"
bongrand_jean-baptiste_animationcafe,"bongrand_jean-baptiste_animationcafe"
hamakawa_saki_pmc,"hamakawa_saki_pmc"
hino_yasuhide_charabans,"hino_yasuhide_charabans"
inaba_tomoki_mls,"inaba_tomoki_mls"
kawagoe_takumi_ncl,"kawagoe_takumi_ncl"
logan_nyman_unknown,"logan_nyman_unknown"
mariya_ivaschenko_unknown,"mariya_ivaschenko_unknown"
morita_shuto_dh,"morita_shuto_dh"
noda_haruna_ncl,"noda_haruna_ncl"
oonishi_kousuke_artsvision,"oonishi_kousuke_artsvision"
rich_amtower_noa,"rich_amtower_noa"
rita_di_lascio_noe,"rita_di_lascio_noe"
shimoda_yuichi_mc,"shimoda_yuichi_mc"
shirai_shunichi_ncl,"shirai_shunichi_ncl"
shoji_masato_cri,"shoji_masato_cri"
sophia_langert_unknown,"sophia_langert_unknown"
tatsumi_natsuya_dh,"tatsumi_natsuya_dh"
yasuda_yoshito_ncl,"yasuda_yoshito_ncl"
alex_lied_noa,"alex_lied_noa"
alyssa_yuhl_noa,"alyssa_yuhl_noa"
hiramatsu_noriko_mls,"hiramatsu_noriko_mls"
kishimoto_keisuke_pmc,"kishimoto_keisuke_pmc"
kunimori_kiyoshi_mls,"kunimori_kiyoshi_mls"
laura_soto_toral_noe,"laura_soto_toral_noe"
ramon_canals_unknown,"ramon_canals_unknown"
sarah_kelly_noe,"sarah_kelly_noe"
sebastien_guido_nerd,"sebastien_guido_nerd"
wakigami_yukihiro_ncl,"wakigami_yukihiro_ncl"
aibara_natsuki_mls,"aibara_natsuki_mls"
andrew_hall_noe,"andrew_hall_noe"
cornelia_waibel_unknown,"cornelia_waibel_unknown"
fujikawa_youhei_imagica_bhe,"fujikawa_youhei_imagica_bhe"
fukui_takuma_srd,"fukui_takuma_srd"
hayashi_daichi_artsvision,"hayashi_daichi_artsvision"
horikawa_yasuo_nac,"horikawa_yasuo_nac"
kimura_tamio_imagica_bhe,"kimura_tamio_imagica_bhe"
nakamura_takuya_mls,"nakamura_takuya_mls"
obata_fumiya_mls,"obata_fumiya_mls"
olivier_jacquemin-guillaume_noe,"olivier_jacquemin-guillaume_noe"
ono_masayo_shirogumi,"ono_masayo_shirogumi"
alessandro_pagano_noe,"alessandro_pagano_noe"
alex_juul_noa,"alex_juul_noa"
alexander_gruzdev_unknown,"alexander_gruzdev_unknown"
ando_mirei_dh,"ando_mirei_dh"
hamagishi_kanae_ncl,"hamagishi_kanae_ncl"
kawakatsu_ryosuke_ncl,"kawakatsu_ryosuke_ncl"
kiuchi_takafumi_ncl,"kiuchi_takafumi_ncl"
monden_yukiko_artsvision,"monden_yukiko_artsvision"
ng_hokwai_ncl,"ng_hokwai_ncl"
sakuraba_arisa_artsvision,"sakuraba_arisa_artsvision"
shida_ryota_imagica_bhe,"shida_ryota_imagica_bhe"
takizawa_satoru_ncl,"takizawa_satoru_ncl"
takizawa_shota_mls,"takizawa_shota_mls"
wada_takumi_dh,"wada_takumi_dh"
wang_mengyang_ncl,"wang_mengyang_ncl"
yamakawa_akinobu_mls,"yamakawa_akinobu_mls"
_____imageworks_studio_corp,"_____imageworks_studio_corp"
ethan_dill_noa,"ethan_dill_noa"
isshiki_mayu_artsvision,"isshiki_mayu_artsvision"
kawabata_mai_kenproduction,"kawabata_mai_kenproduction"
lutz_ohl_noe,"lutz_ohl_noe"
nishio_satoko_mls,"nishio_satoko_mls"
simone_lupinacci_unknown,"simone_lupinacci_unknown"
sugimoto_ayaka_mls,"sugimoto_ayaka_mls"
suzuki_shungo_ncl,"suzuki_shungo_ncl"
zamoyski_andrzej_mls,"zamoyski_andrzej_mls"
angeles_garrido_noe,"angeles_garrido_noe"
chris_hackney_unknown,"chris_hackney_unknown"
christina_stoffel_noe,"christina_stoffel_noe"
edson_matus_unknown,"edson_matus_unknown"
hiromoto_rei_imagica,"hiromoto_rei_imagica"
hori_takafumi_mls,"hori_takafumi_mls"
ichikawa_yoshiaki_rococo,"ichikawa_yoshiaki_rococo"
jeremie_covillault_unknown,"jeremie_covillault_unknown"
kawashima_toshiki_shirogumi,"kawashima_toshiki_shirogumi"
kurita_ami_digitalfrontier,"kurita_ami_digitalfrontier"
masumoto_takuya_kenproduction,"masumoto_takuya_kenproduction"
mori_natsuki_artsvision,"mori_natsuki_artsvision"
nobori_daisuke_ncl,"nobori_daisuke_ncl"
sato_hiroto_dh,"sato_hiroto_dh"
shimada_junya_animationcafe,"shimada_junya_animationcafe"
amemiya_chika_mls,"amemiya_chika_mls"
georg_schmalhofer_noe,"georg_schmalhofer_noe"
hiromatsu_kotaro_ncl,"hiromatsu_kotaro_ncl"
ikegami_shota_dh,"ikegami_shota_dh"
katharina_glowotz_noe,"katharina_glowotz_noe"
kris_taquka_angcuk_knigge_noa,"kris_taquka_angcuk_knigge_noa"
muto_yuki_imagica,"muto_yuki_imagica"
ohmori_mitsuhiro_nac,"ohmori_mitsuhiro_nac"
robert_kinsfather_unknown,"robert_kinsfather_unknown"
sakasai_hiroshi_ncl,"sakasai_hiroshi_ncl"
seven_dreams_inc__corp,"seven_dreams_inc__corp"
shoji_kaori_mls,"shoji_kaori_mls"
amanda_gracia_unknown,"amanda_gracia_unknown"
chiara_botta_noe,"chiara_botta_noe"
deguchi_takuma_srd,"deguchi_takuma_srd"
fujimoto_shiori_mls,"fujimoto_shiori_mls"
funaki_ryosuke_ncl,"funaki_ryosuke_ncl"
hasegawa_yusuke_bbds,"hasegawa_yusuke_bbds"
minami_koichi_dh,"minami_koichi_dh"
nakago_toshihiko_srd,"nakago_toshihiko_srd"
nishimura_masaru_mls,"nishimura_masaru_mls"
ogawa_yuji_pmc,"ogawa_yuji_pmc"
oiso_takuma_ncl,"oiso_takuma_ncl"
polygon_magic__inc__corp,"polygon_magic__inc__corp"
sakuraba_yoshihiko_ncl,"sakuraba_yoshihiko_ncl"
sekino_takumi_ncl,"sekino_takumi_ncl"
varvara_chaban_unknown,"varvara_chaban_unknown"
yi_peng_ique,"yi_peng_ique"
alex_hernandez-puertas_noe,"alex_hernandez-puertas_noe"
amanda_newman_noa,"amanda_newman_noa"
arakaki_ririka_bbds,"arakaki_ririka_bbds"
hiramatsu_junya_ncl,"hiramatsu_junya_ncl"
jesus_gordo_martin_noe,"jesus_gordo_martin_noe"
kyuma_koichi_ncl,"kyuma_koichi_ncl"
maria_maksutova_noe,"maria_maksutova_noe"
morishima_hiroyuki_ncl,"morishima_hiroyuki_ncl"
prokhor_chekhovskoy_unknown,"prokhor_chekhovskoy_unknown"
saito_nobuhiro_cri,"saito_nobuhiro_cri"
shimamura_yu_kenproduction,"shimamura_yu_kenproduction"
the_halp_network_corp,"the_halp_network_corp"
tomita_toshiya_charabans,"tomita_toshiya_charabans"
yokoyama_kyoko_unknown,"yokoyama_kyoko_unknown"
abe_hiroshi_mls,"abe_hiroshi_mls"
fabio_brignoli_noe,"fabio_brignoli_noe"
ito_fumiya_mls,"ito_fumiya_mls"
jurgen_wolters_unknown,"jurgen_wolters_unknown"
kasuya_kazune_mls,"kasuya_kazune_mls"
katsurashima_maya_individual,"katsurashima_maya_individual"
kawabata_shingo_mls,"kawabata_shingo_mls"
kawamura_chihei_ncl,"kawamura_chihei_ncl"
kubo_yosuke_imagica,"kubo_yosuke_imagica"
kurihara_yuri_mls,"kurihara_yuri_mls"
minekawa_chiharu_s-racer,"minekawa_chiharu_s-racer"
nakajima_hiroki_dh,"nakajima_hiroki_dh"
orita_hirofumi_ncl,"orita_hirofumi_ncl"
raymond_elliget_noa,"raymond_elliget_noa"
sakamaki_yuka_dh,"sakamaki_yuka_dh"
thaddee_wiseur_noa,"thaddee_wiseur_noa"
ueda_hiroshi_ncl,"ueda_hiroshi_ncl"
yamamoto_takuji_mls,"yamamoto_takuji_mls"
zheng_yufei_ncl,"zheng_yufei_ncl"
demura_yuji_ncl,"demura_yuji_ncl"
furukawa_shuntaro_unknown,"furukawa_shuntaro_unknown"
herve_grull_unknown,"herve_grull_unknown"
julien_veron_noe,"julien_veron_noe"
mikhail_belyakovich_unknown,"mikhail_belyakovich_unknown"
nac_inc__corp,"nac_inc__corp"
nakashima_yosuke_mls,"nakashima_yosuke_mls"
polina_shenoeva_noe,"polina_shenoeva_noe"
smile_technology_united__inc__corp,"smile_technology_united__inc__corp"
yamada_kazuki_dh,"yamada_kazuki_dh"
yamamoto_kana_mls,"yamamoto_kana_mls"
ann_lin_noa,"ann_lin_noa"
daisuke_fukuyama_noe,"daisuke_fukuyama_noe"
honma_takahiro_nac,"honma_takahiro_nac"
kataoka_manaka_ncl,"kataoka_manaka_ncl"
kondo_sho_polycraft,"kondo_sho_polycraft"
matano_yoshinobu_dh,"matano_yoshinobu_dh"
michael_hussinger_noe,"michael_hussinger_noe"
miyagawa_takahiro_ncl,"miyagawa_takahiro_ncl"
shellynne_philips-vonture_unknown,"shellynne_philips-vonture_unknown"
takahashi_hiromi_mls,"takahashi_hiromi_mls"
tamura_tatsuo_imagica,"tamura_tatsuo_imagica"
yokoyama_takashi_dh,"yokoyama_takashi_dh"
alex_zarza_noa,"alex_zarza_noa"
carolina_quesada_noa,"carolina_quesada_noa"
danny_camacho_unknown,"danny_camacho_unknown"
doi_toshiyuki_srd,"doi_toshiyuki_srd"
eric_garcia_unknown,"eric_garcia_unknown"
imagica_digitalscape_co__ltd__corp,"imagica_digitalscape_co__ltd__corp"
kobayashi_yuta_mls,"kobayashi_yuta_mls"
murata_shuichi_mls,"murata_shuichi_mls"
tokaji_yuya_mls,"tokaji_yuya_mls"
ando_ayaka_mls,"ando_ayaka_mls"
andrea_jahn_noe,"andrea_jahn_noe"
casey_longest_noa,"casey_longest_noa"
jessica_angeles_unknown,"jessica_angeles_unknown"
koshita_kouki_digitalfrontier,"koshita_kouki_digitalfrontier"
matsumoto_ikuko_mls,"matsumoto_ikuko_mls"
min_dongryong_rococo,"min_dongryong_rococo"
moritsu_shumpei_dh,"moritsu_shumpei_dh"
nils_dudal_noe,"nils_dudal_noe"
nishimura_naoki_ncl,"nishimura_naoki_ncl"
paolo_de_santis_unknown,"paolo_de_santis_unknown"
sergio_madrigal_bustamante_unknown,"sergio_madrigal_bustamante_unknown"
takayama_takahiro_ncl,"takayama_takahiro_ncl"
valeria_castellino_noe,"valeria_castellino_noe"
veronica_m__reyes_pena_noa,"veronica_m__reyes_pena_noa"
andi_gibson_unknown,"andi_gibson_unknown"
hasegawa_takamichi_mls,"hasegawa_takamichi_mls"
hayashi_masaki_dh,"hayashi_masaki_dh"
hori_akina_imagica_bhe,"hori_akina_imagica_bhe"
israel_cruz-morales_noa,"israel_cruz-morales_noa"
kitahara_kazuki_mls,"kitahara_kazuki_mls"
masuda_soichiro_cri,"masuda_soichiro_cri"
masuji_shoya_ncl,"masuji_shoya_ncl"
maya_aoki_tuttle_unknown,"maya_aoki_tuttle_unknown"
mori_masaki_mc,"mori_masaki_mc"
nerea_alfonso_unknown,"nerea_alfonso_unknown"
nozaki_yuka_bbds,"nozaki_yuka_bbds"
ptw_korea_co___ltd__corp,"ptw_korea_co___ltd__corp"
sakooka_yosuke_srd,"sakooka_yosuke_srd"
sato_kazuya_charabans,"sato_kazuya_charabans"
takuya_goto_shirogumi,"takuya_goto_shirogumi"
tokunaga_masahiro_dh,"tokunaga_masahiro_dh"
yabashi_shotaro_seven dreams,"yabashi_shotaro_seven dreams"
yamazaki_ayumi_mls,"yamazaki_ayumi_mls"
yasukawa_tatsuya_mls,"yasukawa_tatsuya_mls"
yunjin_park_nok,"yunjin_park_nok"
cameron_johnson_noa,"cameron_johnson_noa"
hector_arvizu_noa,"hector_arvizu_noa"
horikoshi_chie_unknown,"horikoshi_chie_unknown"
kimura_taiki_bbds,"kimura_taiki_bbds"
koizumi_haruka_mls,"koizumi_haruka_mls"
maruta_kohei_bbds,"maruta_kohei_bbds"
moriwaki_tadafumi_dh,"moriwaki_tadafumi_dh"
motomiya_tadatsugu_mls,"motomiya_tadatsugu_mls"
ryan_bristol_noa,"ryan_bristol_noa"
sato_kohei_mls,"sato_kohei_mls"
smileorder_co___ltd__corp,"smileorder_co___ltd__corp"
takamatsu_hiroki__mls,"takamatsu_hiroki__mls"
takemura_yuji_mls,"takemura_yuji_mls"
akitomi_osamu_dh,"akitomi_osamu_dh"
dario_ramirez_unknown,"dario_ramirez_unknown"
frederic_souterelle_unknown,"frederic_souterelle_unknown"
miura_koichi_ncl,"miura_koichi_ncl"
morgan_ritchie_noa,"morgan_ritchie_noa"
morita_tomomi_seven dreams,"morita_tomomi_seven dreams"
moriya_takashi_pmc,"moriya_takashi_pmc"
murata_kazuma_dh,"murata_kazuma_dh"
nakashima_keisuke_pmc,"nakashima_keisuke_pmc"
nathalie_sionneau_unknown,"nathalie_sionneau_unknown"
okawa_takafumi_ncl,"okawa_takafumi_ncl"
pepe_antequera_unknown,"pepe_antequera_unknown"
ruben_moya_unknown,"ruben_moya_unknown"
sakata_yuma_ncl,"sakata_yuma_ncl"
viola_muller_unknown,"viola_muller_unknown"
zoran_tasevski_noe,"zoran_tasevski_noe"
ayashiro_aimi_mc,"ayashiro_aimi_mc"
endo_tatsuya_nac,"endo_tatsuya_nac"
hosoi_osamu_artsvision,"hosoi_osamu_artsvision"
ishibashi_lushia_bbds,"ishibashi_lushia_bbds"
ishimaru_chieri_digitalfrontier,"ishimaru_chieri_digitalfrontier"
ito_yui_mls,"ito_yui_mls"
jose_mejino_noa,"jose_mejino_noa"
kaburagi_rina_imagica_bhe,"kaburagi_rina_imagica_bhe"
ono_hayato_mc,"ono_hayato_mc"
syu_pansi_cri,"syu_pansi_cri"
takeda_junko_imagica,"takeda_junko_imagica"
tominaga_umi_cri,"tominaga_umi_cri"
tony_ferreira_noa,"tony_ferreira_noa"
watanabe_kei_mls,"watanabe_kei_mls"
christopher_yepes-barron_noa,"christopher_yepes-barron_noa"
hirooka_taiki_pmc,"hirooka_taiki_pmc"
hirose_hideaki_mls,"hirose_hideaki_mls"
iwasawa_tomoya_imagica,"iwasawa_tomoya_imagica"
moriyasu_shinya_mls,"moriyasu_shinya_mls"
nagai_daisuke_dh,"nagai_daisuke_dh"
ohashi_masato_ncl,"ohashi_masato_ncl"
sara_hoad_noa,"sara_hoad_noa"
sawada_yoshiyuki_ncl,"sawada_yoshiyuki_ncl"
sol_plata_loera_noa,"sol_plata_loera_noa"
yanagisawa_takayuki_ncl,"yanagisawa_takayuki_ncl"
yodawara_makoto_qualia writers,"yodawara_makoto_qualia writers"
yonemori_yuki_imagica,"yonemori_yuki_imagica"
alfonso_diaz_jimenez_noe,"alfonso_diaz_jimenez_noe"
amelia_gotham_unknown,"amelia_gotham_unknown"
endo_isamu_ncl,"endo_isamu_ncl"
fujino_yohei_ncl,"fujino_yohei_ncl"
fukuda_miki_dh,"fukuda_miki_dh"
hakodate_narimasa_mc,"hakodate_narimasa_mc"
hazama_yuki_ncl,"hazama_yuki_ncl"
horikoshi_ryohei_cri,"horikoshi_ryohei_cri"
julia_bianco_schoeffling_unknown,"julia_bianco_schoeffling_unknown"
kitaura_tomoya_dh,"kitaura_tomoya_dh"
sato_haruki_ncl,"sato_haruki_ncl"
soonil_kim_nok,"soonil_kim_nok"
tada_makoto_ncl,"tada_makoto_ncl"
tom_hertzog_noa,"tom_hertzog_noa"
yasuda_takuro_ncl,"yasuda_takuro_ncl"
yayun_ling_ique,"yayun_ling_ique"
yokota_mahito_ncl,"yokota_mahito_ncl"
yuasa_kengo_mls,"yuasa_kengo_mls"
andy_soto_noa,"andy_soto_noa"
brynne_caudill_noa,"brynne_caudill_noa"
fukada_naoki_ncl,"fukada_naoki_ncl"
honda_masahito_shirogumi,"honda_masahito_shirogumi"
ishizuka_masaya_imagica_bhe,"ishizuka_masaya_imagica_bhe"
james_d__mortellaro_unknown,"james_d__mortellaro_unknown"
sato_katsuhisa_ncl,"sato_katsuhisa_ncl"
fujiwara_mamoru_cri,"fujiwara_mamoru_cri"
giulia_maniglio_unknown,"giulia_maniglio_unknown"
hirose_kenichi_ncl,"hirose_kenichi_ncl"
inna_talalay_noe,"inna_talalay_noe"
mikami_tatsuro_mls,"mikami_tatsuro_mls"
nasser_najafian_shirogumi,"nasser_najafian_shirogumi"
sam_buquen_noa,"sam_buquen_noa"
shiihara_karon_ncl,"shiihara_karon_ncl"
studio_oops_inc__corp,"studio_oops_inc__corp"
suzuki_tomoe_mls,"suzuki_tomoe_mls"
william__chip__beaman_unknown,"william__chip__beaman_unknown"
yokoi_mitsuya_imagica_bhe,"yokoi_mitsuya_imagica_bhe"
yoram_schipper_noe,"yoram_schipper_noe"
ahmed_bounouar_noe,"ahmed_bounouar_noe"
domoto_atsushi_mls,"domoto_atsushi_mls"
emily_stansell_noa,"emily_stansell_noa"
inomata_hirotoki_shirogumi,"inomata_hirotoki_shirogumi"
maribel_pomar_unknown,"maribel_pomar_unknown"
morimoto_atsuya_dh,"morimoto_atsuya_dh"
morita_yudai_imagica,"morita_yudai_imagica"
sasaki_osamu_imagica,"sasaki_osamu_imagica"
shida_aya_ncl,"shida_aya_ncl"
valerie_bachere_unknown,"valerie_bachere_unknown"
yanett_cepeda_valor_noa,"yanett_cepeda_valor_noa"
brian_carlson_noa,"brian_carlson_noa"
daniele_braglia_noe,"daniele_braglia_noe"
inoue_takahiro_imagica_bhe,"inoue_takahiro_imagica_bhe"
izumi_yohei_ncl,"izumi_yohei_ncl"
kawasaki_nao_mc,"kawasaki_nao_mc"
kikuchi_kohei_nac,"kikuchi_kohei_nac"
kunitake_riwa_mc,"kunitake_riwa_mc"
kuriyama_ryoshun_dh,"kuriyama_ryoshun_dh"
maejima_kazunori_ncl,"maejima_kazunori_ncl"
massimiliano_lotti_unknown,"massimiliano_lotti_unknown"
megan_best_noa,"megan_best_noa"
mori_takato_dh,"mori_takato_dh"
nishimura_naoko_dh,"nishimura_naoko_dh"
reiko_ninomiya_noa,"reiko_ninomiya_noa"
salvador_martinez_unknown,"salvador_martinez_unknown"
shibayama_yasunori_mc,"shibayama_yasunori_mc"
takao_yasuhiro_ncl,"takao_yasuhiro_ncl"
taniyama_naomi_quackluck,"taniyama_naomi_quackluck"
yato_shinji_mls,"yato_shinji_mls"
48_windows_santa_monica__ca_corp,"48_windows_santa_monica__ca_corp"
alan_velazquez_unknown,"alan_velazquez_unknown"
arne_glinka_noe,"arne_glinka_noe"
chihiro_ogawa_ncl,"chihiro_ogawa_ncl"
damir_gadylyaev_noe,"damir_gadylyaev_noe"
erin_peterson_noa,"erin_peterson_noa"
frithjof_koepp_noe,"frithjof_koepp_noe"
hoshino_ayaka_bbds,"hoshino_ayaka_bbds"
inoue_kengo_mls,"inoue_kengo_mls"
iwamoto_akira_shirogumi,"iwamoto_akira_shirogumi"
katsuyama_akihiko_dh,"katsuyama_akihiko_dh"
koganemaru_shun_nac,"koganemaru_shun_nac"
monserrat_licona_unknown,"monserrat_licona_unknown"
orsolya_karolyi_mc,"orsolya_karolyi_mc"
sven_potzl_noe,"sven_potzl_noe"
yamamoto_junichi_imagica,"yamamoto_junichi_imagica"
adriano_antonini_noe,"adriano_antonini_noe"
cassandra_valtier_unknown,"cassandra_valtier_unknown"
kaji_yuki_ncl,"kaji_yuki_ncl"
kaori_hia_mc,"kaori_hia_mc"
lennart_rotteveel_noe,"lennart_rotteveel_noe"
matsutani_kenji_srd,"matsutani_kenji_srd"
matthieu_lamouroux_noe,"matthieu_lamouroux_noe"
miguel_angel_jenner_unknown,"miguel_angel_jenner_unknown"
shimoda_rei_kenproduction,"shimoda_rei_kenproduction"
uechi_takafumi_mls,"uechi_takafumi_mls"
yoshida_shigeki_ncl,"yoshida_shigeki_ncl"
zac_evans_noa,"zac_evans_noa"
haven_bloome_noa,"haven_bloome_noa"
ishihara_kiyomitsu_smileorder,"ishihara_kiyomitsu_smileorder"
jeffrey_storbo_noa,"jeffrey_storbo_noa"
kamijima_aya_bbds,"kamijima_aya_bbds"
komatsubara_natsuo_mls,"komatsubara_natsuo_mls"
motonari_rie_mls,"motonari_rie_mls"
robert_banks_noa,"robert_banks_noa"
sean_shen_nhl,"sean_shen_nhl"
suwa_sayaka_mls,"suwa_sayaka_mls"
taketoshi_takehisa_ncl,"taketoshi_takehisa_ncl"
tateno_saburo_mls,"tateno_saburo_mls"
tsuneyama_daiki_mls,"tsuneyama_daiki_mls"
antje_von_der_ahe_unknown,"antje_von_der_ahe_unknown"
aratani_tomoe_ncl,"aratani_tomoe_ncl"
carlos_garcia-perez_noa,"carlos_garcia-perez_noa"
heather_gonzalez_unknown,"heather_gonzalez_unknown"
hokama_kango_mls,"hokama_kango_mls"
kato_urara_imagica_bhe,"kato_urara_imagica_bhe"
keisuke_fukushima_mc,"keisuke_fukushima_mc"
kitayama_shigetoshi_ncl,"kitayama_shigetoshi_ncl"
kubota_reimi_thoris,"kubota_reimi_thoris"
maxwell_stevens_noa,"maxwell_stevens_noa"
ou_jika_imagica_bhe,"ou_jika_imagica_bhe"
sascha_michalke_noe,"sascha_michalke_noe"
sato_hiroki_pmc,"sato_hiroki_pmc"
sawai_kanta_mc,"sawai_kanta_mc"
tanaka_jun_mls,"tanaka_jun_mls"
xiaochun_qiu_ique,"xiaochun_qiu_ique"
yamagishi_kazuma_imagica_bhe,"yamagishi_kazuma_imagica_bhe"
zerowave_inc_corp,"zerowave_inc_corp"
clara_schwarze_unknown,"clara_schwarze_unknown"
daniel_peterson_noa,"daniel_peterson_noa"
dongyeon_kim_nok,"dongyeon_kim_nok"
hosokawa_mareki_ncl,"hosokawa_mareki_ncl"
kawahara_saeko_mls,"kawahara_saeko_mls"
koresawa_takumi_mls,"koresawa_takumi_mls"
matsuzawa_takahiro_mls,"matsuzawa_takahiro_mls"
miya_seeley_noa,"miya_seeley_noa"
oshimi_ayano_mls,"oshimi_ayano_mls"
park_jonghoon_ncl,"park_jonghoon_ncl"
sasaki_motohiro_seven dreams,"sasaki_motohiro_seven dreams"
takechi_naoya_mc,"takechi_naoya_mc"
wada_kota_ncl,"wada_kota_ncl"
yamada_taku_mls,"yamada_taku_mls"
alex_anderson_noa,"alex_anderson_noa"
angelica_cervantes_unknown,"angelica_cervantes_unknown"
araki_kosuke_pmc,"araki_kosuke_pmc"
asaba_keisuke_seven dreams,"asaba_keisuke_seven dreams"
charlie_gondak_unknown,"charlie_gondak_unknown"
fujimoto_hiroaki_imagica,"fujimoto_hiroaki_imagica"
fukumoto_koki_imagica_bhe,"fukumoto_koki_imagica_bhe"
giaime_carbonara_noe,"giaime_carbonara_noe"
hagai_mari_artsvision,"hagai_mari_artsvision"
hashizume_yuki_srd,"hashizume_yuki_srd"
ikeda_takeshi_mc,"ikeda_takeshi_mc"
imoto_daisuke_mls,"imoto_daisuke_mls"
julio_manzaneda_medina_noe,"julio_manzaneda_medina_noe"
kanchi_taishi_mc,"kanchi_taishi_mc"
matsuzawa_aika_cri,"matsuzawa_aika_cri"
nemoto_mafuyu_bbds,"nemoto_mafuyu_bbds"
nishiki_takumi_imagica_bhe,"nishiki_takumi_imagica_bhe"
saito_akiko_mls,"saito_akiko_mls"
sako_miyuu_mls,"sako_miyuu_mls"
totai_miho_cri,"totai_miho_cri"
alessandro_germano_unknown,"alessandro_germano_unknown"
alisa_efimenko_unknown,"alisa_efimenko_unknown"
arai_yuta_anima,"arai_yuta_anima"
audrey_drake_rigg_noa,"audrey_drake_rigg_noa"
christian_zeiger_unknown,"christian_zeiger_unknown"
daniel_bracy_noa,"daniel_bracy_noa"
dmitrii_kaloev_noe,"dmitrii_kaloev_noe"
gerardo_reyero_unknown,"gerardo_reyero_unknown"
inoue_naoki_mc,"inoue_naoki_mc"
marta_barbara_unknown,"marta_barbara_unknown"
miyuki_matsunaga_noa,"miyuki_matsunaga_noa"
moroi_daiki_polycraft,"moroi_daiki_polycraft"
nakamura_hiroki_mls,"nakamura_hiroki_mls"
ricardo_tejedo_unknown,"ricardo_tejedo_unknown"
sawada_mariko_mls,"sawada_mariko_mls"
scot_ritchey_noa,"scot_ritchey_noa"
sekimoto_takahito_mls,"sekimoto_takahito_mls"
sekine_kazuki_imagica_bhe,"sekine_kazuki_imagica_bhe"
shimizu_hidenori_mls,"shimizu_hidenori_mls"
shimizu_miku_ncl,"shimizu_miku_ncl"
takamura_yuji_dh,"takamura_yuji_dh"
todo_hiroaki_mls,"todo_hiroaki_mls"
yagi_takao_qualia writers,"yagi_takao_qualia writers"
_____bauhaus_entertainment_corp,"_____bauhaus_entertainment_corp"
arai_shuhei_mls,"arai_shuhei_mls"
eladio_bazaldua_noa,"eladio_bazaldua_noa"
koizumi_yuki_shirogumi,"koizumi_yuki_shirogumi"
lupita_leal_unknown,"lupita_leal_unknown"
marco_morbin_noe,"marco_morbin_noe"
mark_camperell__cas_mpse_unknown,"mark_camperell__cas_mpse_unknown"
minji_chhaysy-park_noa,"minji_chhaysy-park_noa"
murakami_tatsuya_imagica,"murakami_tatsuya_imagica"
ohata_norimasa_shirogumi,"ohata_norimasa_shirogumi"
sato_koichi_ncl,"sato_koichi_ncl"
shimizu_haruka_kenproduction,"shimizu_haruka_kenproduction"
tomita_ryuki_dh,"tomita_ryuki_dh"
tsuchiya_mariko_mls,"tsuchiya_mariko_mls"
tsuji_yuki_ncl,"tsuji_yuki_ncl"
tyler_fragie_noa,"tyler_fragie_noa"
usui_jyunichi_ncl,"usui_jyunichi_ncl"
alexey_vladimirovich_voytyuk_unknown,"alexey_vladimirovich_voytyuk_unknown"
aoki_rika_mls,"aoki_rika_mls"
honne_yasuyuki_mls,"honne_yasuyuki_mls"
kyle_melendez_daigre_noa,"kyle_melendez_daigre_noa"
laura_monedero_unknown,"laura_monedero_unknown"
narigasawa_noboru_mls,"narigasawa_noboru_mls"
osako_satoru_ncl,"osako_satoru_ncl"
takahito_kishi_bbds,"takahito_kishi_bbds"
taniguchi_hiroki_zerowave,"taniguchi_hiroki_zerowave"
tateishi_shunsuke_mls,"tateishi_shunsuke_mls"
will_grimme_noa,"will_grimme_noa"
clemence_dieryck_noe,"clemence_dieryck_noe"
hanako_furuya_noe,"hanako_furuya_noe"
hisamatsu_kohei_bbds,"hisamatsu_kohei_bbds"
iwai_ryota_ncl,"iwai_ryota_ncl"
mashimo_miho_imagica_bhe,"mashimo_miho_imagica_bhe"
matsumoto_akira_pmc,"matsumoto_akira_pmc"
monolithsoftware_inc__corp,"monolithsoftware_inc__corp"
morise_yuko_animationcafe,"morise_yuko_animationcafe"
nishida_yutaro_mls,"nishida_yutaro_mls"
sean_chiplock_unknown,"sean_chiplock_unknown"
takahashi_teruaki_mls,"takahashi_teruaki_mls"
takami_norihiro_mls,"takami_norihiro_mls"
watanabe_shiori_imagica,"watanabe_shiori_imagica"
yolanda_vidal_unknown,"yolanda_vidal_unknown"
austin_krier_unknown,"austin_krier_unknown"
charlyne_pestel_unknown,"charlyne_pestel_unknown"
josh_ratsavong_noa,"josh_ratsavong_noa"
kadosaka_yuko_mc,"kadosaka_yuko_mc"
maruyama_yukiko_mls,"maruyama_yukiko_mls"
michael_sahlin_noa,"michael_sahlin_noa"
nagai_tomoyoshi_qtron,"nagai_tomoyoshi_qtron"
nikolay_bystrov_unknown,"nikolay_bystrov_unknown"
owen_cooney_noa,"owen_cooney_noa"
shinoda_hirohito_ncl,"shinoda_hirohito_ncl"
toda_masahiko_cri,"toda_masahiko_cri"
yamamoto_naoya_ncl,"yamamoto_naoya_ncl"
yoshida_isami_ncl,"yoshida_isami_ncl"
ariel_del_rio_de_angelis_noe,"ariel_del_rio_de_angelis_noe"
bruno_gramigna_noe,"bruno_gramigna_noe"
gene_pencil_noa,"gene_pencil_noa"
melina_rojas_unknown,"melina_rojas_unknown"
miyagawa_yohei_ncl,"miyagawa_yohei_ncl"
pepe_tono_macias_unknown,"pepe_tono_macias_unknown"
raul_llorens_unknown,"raul_llorens_unknown"
shiraki_yuumi_mls,"shiraki_yuumi_mls"
tsukahara_rina_mls,"tsukahara_rina_mls"
elena_shulman_unknown,"elena_shulman_unknown"
hamabata_yutaka_dh,"hamabata_yutaka_dh"
irina_kaffka_noe,"irina_kaffka_noe"
iwamoto_daiki_ncl,"iwamoto_daiki_ncl"
jean-paul_hausmann_noe,"jean-paul_hausmann_noe"
kokubo_yuki_pmc,"kokubo_yuki_pmc"
miyoshi_maasa_ncl,"miyoshi_maasa_ncl"
nishihara_erika_mls,"nishihara_erika_mls"
saheki_yusuke_digitalfrontier,"saheki_yusuke_digitalfrontier"
takuya_nishiwaki_noa,"takuya_nishiwaki_noa"
tatsumi_tomoaki_mc,"tatsumi_tomoaki_mc"
tsukasa_tashiro_bbds,"tsukasa_tashiro_bbds"
ueno_kimihiro_shirogumi,"ueno_kimihiro_shirogumi"
watanabe_kazuhiko_digitalfrontier,"watanabe_kazuhiko_digitalfrontier"
yamada_kota_seven dreams,"yamada_kota_seven dreams"
carson_buck-flinchum_noa,"carson_buck-flinchum_noa"
emmanuel_millan_unknown,"emmanuel_millan_unknown"
frances_eckrich_noa,"frances_eckrich_noa"
higuchi_osamu_srd,"higuchi_osamu_srd"
hikosaka_maino_imagica,"hikosaka_maino_imagica"
iwase_satoko_mls,"iwase_satoko_mls"
joe_hernandez_unknown,"joe_hernandez_unknown"
kasai_yosuke_ncl,"kasai_yosuke_ncl"
kometani_saori_mls,"kometani_saori_mls"
shimizu_daisuke_ncl,"shimizu_daisuke_ncl"
toda_akihito_individual,"toda_akihito_individual"
toya_kazutaka_mls,"toya_kazutaka_mls"
akita_shinobu_dh,"akita_shinobu_dh"
caroline_mozzone_unknown,"caroline_mozzone_unknown"
chiba_tadashi_pmc,"chiba_tadashi_pmc"
david_causseque_noe,"david_causseque_noe"
kerri_shak_unknown,"kerri_shak_unknown"
kyoungim_na_nok,"kyoungim_na_nok"
ludovic_tientcheu_ponkin_noa,"ludovic_tientcheu_ponkin_noa"
miura_moe_mls,"miura_moe_mls"
morinaga_tabi_ncl,"morinaga_tabi_ncl"
nishimura_toshiki_dh,"nishimura_toshiki_dh"
oka_rika_dh,"oka_rika_dh"
suzuki_mai_cri,"suzuki_mai_cri"
yusuke_saito_noa,"yusuke_saito_noa"
daniele_alibrandi_noe,"daniele_alibrandi_noe"
elisabetta_cesone__unknown,"elisabetta_cesone__unknown"
fusegawa_kazuhiro_kenproduction,"fusegawa_kazuhiro_kenproduction"
hosoi_kazuhiro_ncl,"hosoi_kazuhiro_ncl"
iwasaki_kanako_nac,"iwasaki_kanako_nac"
kashima_kyosuke_ncl,"kashima_kyosuke_ncl"
mori_naoki_ncl,"mori_naoki_ncl"
nagai_yuka_ncl,"nagai_yuka_ncl"
nora_jokhosha_unknown,"nora_jokhosha_unknown"
orishige_masato_ncl,"orishige_masato_ncl"
yanai_emiko_mc,"yanai_emiko_mc"
yun_hyeongmin_rococo,"yun_hyeongmin_rococo"
cristina_sola_picas_noe,"cristina_sola_picas_noe"
daniel_riordan_unknown,"daniel_riordan_unknown"
haruka_sliwinski_mc,"haruka_sliwinski_mc"
kagami_riki_artsvision,"kagami_riki_artsvision"
kobayashi_ryuji_ncl,"kobayashi_ryuji_ncl"
martina_deimel_noe,"martina_deimel_noe"
matsuta_hitomi_ncl,"matsuta_hitomi_ncl"
matt_mercer_unknown,"matt_mercer_unknown"
obata_wataru_mls,"obata_wataru_mls"
ohno_shotaro_mls,"ohno_shotaro_mls"
takahashi_kazuma_ncl,"takahashi_kazuma_ncl"
takanashi_kengo_artsvision,"takanashi_kengo_artsvision"
tokita_takuma_ncl,"tokita_takuma_ncl"
awanohara_megumi_unknown,"awanohara_megumi_unknown"
endo_kazuyuki_ncl,"endo_kazuyuki_ncl"
hirai_naoki_mls,"hirai_naoki_mls"
inoue_yasutaka_bbds,"inoue_yasutaka_bbds"
iwasa_yuhei_mls,"iwasa_yuhei_mls"
kidera_shiori_mls,"kidera_shiori_mls"
koide_kana_dh,"koide_kana_dh"
leo_mcdonagh_noe,"leo_mcdonagh_noe"
nagata_yosuke_nac,"nagata_yosuke_nac"
nohara_mari_mls,"nohara_mari_mls"
paulina_weiner_unknown,"paulina_weiner_unknown"
scott_willson_noa,"scott_willson_noa"
seita_ryoma_mls,"seita_ryoma_mls"
stacey_gray_unknown,"stacey_gray_unknown"
tamaoki_kota_mls,"tamaoki_kota_mls"
terashima_akane_mc,"terashima_akane_mc"
wakata_yukinobu_cri,"wakata_yukinobu_cri"
brigitte_aubry_unknown,"brigitte_aubry_unknown"
catherine_higgins_unknown,"catherine_higgins_unknown"
cherami_leigh_unknown,"cherami_leigh_unknown"
crowyn_kaisa_noa,"crowyn_kaisa_noa"
kuboki_takashi_mls,"kuboki_takashi_mls"
matsuzaki_yusuke_dh,"matsuzaki_yusuke_dh"
namiki_kazama_seven dreams,"namiki_kazama_seven dreams"
ogawa_yusuke_mls,"ogawa_yusuke_mls"
osawa_hiroyoshi_mls,"osawa_hiroyoshi_mls"
rhiannon_winkler_noa,"rhiannon_winkler_noa"
takahashi_shinichiro_dh,"takahashi_shinichiro_dh"
brianna_ferderer_noa,"brianna_ferderer_noa"
ichimura_natsuko_mls,"ichimura_natsuko_mls"
ikeda_ryunoshin_mls,"ikeda_ryunoshin_mls"
lina_ivanova_unknown,"lina_ivanova_unknown"
natalia_kaznacheeva_unknown,"natalia_kaznacheeva_unknown"
sean_kennedy_noa,"sean_kennedy_noa"
shirakawa_mari_ncl,"shirakawa_mari_ncl"
stefania_montagnese_noe,"stefania_montagnese_noe"
tamura_riyu_ncl,"tamura_riyu_ncl"
tanaka_hideki_mls,"tanaka_hideki_mls"
anima_inc__corp,"anima_inc__corp"
cesar_perez_noa,"cesar_perez_noa"
grace_yon_noe,"grace_yon_noe"
inomata_ryo_ncl,"inomata_ryo_ncl"
inoue_kojiro_ncl,"inoue_kojiro_ncl"
kobayashi_daisuke_digitalfrontier,"kobayashi_daisuke_digitalfrontier"
kumagai_kanaru_mls,"kumagai_kanaru_mls"
nagahara_kazuhito_mc,"nagahara_kazuhito_mc"
nagano_aya_pmc,"nagano_aya_pmc"
takahashi_atsushi_pmc,"takahashi_atsushi_pmc"
yuki_kazunari_seven dreams,"yuki_kazunari_seven dreams"
charabans_inc__corp,"charabans_inc__corp"
ikeno_masaki_ncl,"ikeno_masaki_ncl"
morizane_honami_individual,"morizane_honami_individual"
nagame_kota_mc,"nagame_kota_mc"
pedro_jose_moreno_villar_noe,"pedro_jose_moreno_villar_noe"
sam_abouharb_noa,"sam_abouharb_noa"
sato_megumi_dh,"sato_megumi_dh"
artsvision_co__ltd__corp,"artsvision_co__ltd__corp"
digital_frontier_inc__corp,"digital_frontier_inc__corp"
ebisawa_yasushi_ncl,"ebisawa_yasushi_ncl"
hamaura_minoru_srd,"hamaura_minoru_srd"
ichimiya_kazuma_mls,"ichimiya_kazuma_mls"
izutsu_haruka_mls,"izutsu_haruka_mls"
jacopo_calatroni_unknown,"jacopo_calatroni_unknown"
justin_dyke_noa,"justin_dyke_noa"
kagino_sota_ncl,"kagino_sota_ncl"
kentaro_nishimura_noa,"kentaro_nishimura_noa"
miyazaki_mayuko_imagica_bhe,"miyazaki_mayuko_imagica_bhe"
neuron_age_co__ltd__corp,"neuron_age_co__ltd__corp"
osada_junya_ncl,"osada_junya_ncl"
simone_morelli_noe,"simone_morelli_noe"
suzuki_keita_dh,"suzuki_keita_dh"
takei_masahiro_mls,"takei_masahiro_mls"
takeuchi_yasutaka_ncl,"takeuchi_yasutaka_ncl"
yamaguchi_kyoko_kenproduction,"yamaguchi_kyoko_kenproduction"
adriana_casas_unknown,"adriana_casas_unknown"
alessandro_zurla_unknown,"alessandro_zurla_unknown"
anastasiia_voronkova_noe,"anastasiia_voronkova_noe"
hari_leigh_unknown,"hari_leigh_unknown"
iida_mitsuo_mls,"iida_mitsuo_mls"
kato_masasumi_dh,"kato_masasumi_dh"
kawaguchi_eriko_mls,"kawaguchi_eriko_mls"
kobayashi_riki_ncl,"kobayashi_riki_ncl"
localsoft__s_l___corp,"localsoft__s_l___corp"
miyagawa_shun_nac,"miyagawa_shun_nac"
ryan_christopherson_noa,"ryan_christopherson_noa"
takahashi_naoto_mls,"takahashi_naoto_mls"
yusa_takuya_mls,"yusa_takuya_mls"
evan_bauer_noa,"evan_bauer_noa"
fujisaki_makoto_smileorder,"fujisaki_makoto_smileorder"
kim_yoori_pmc,"kim_yoori_pmc"
nich_maragos_noa,"nich_maragos_noa"
ogiwara_yuji_pmc,"ogiwara_yuji_pmc"
sakamoto_tadashi_ncl,"sakamoto_tadashi_ncl"
samara_wagner_noa,"samara_wagner_noa"
sato_hiroyasu_mls,"sato_hiroyasu_mls"
takaki_shogo_ncl,"takaki_shogo_ncl"
takeshita_yoshitaka_srd,"takeshita_yoshitaka_srd"
william_iamazi_ferro_mls,"william_iamazi_ferro_mls"
alejandro_silva_unknown,"alejandro_silva_unknown"
astro production_inc__corp,"astro production_inc__corp"
colton_bankhead_noa,"colton_bankhead_noa"
furutani_kaito_imagica_bhe,"furutani_kaito_imagica_bhe"
hiromatsu_serika_kenproduction,"hiromatsu_serika_kenproduction"
kanou_hideki_imagica,"kanou_hideki_imagica"
kurei_hiroki_animationcafe,"kurei_hiroki_animationcafe"
marcia_toledo_noa,"marcia_toledo_noa"
mason_lange_noa,"mason_lange_noa"
nicko_gonzalez_noa,"nicko_gonzalez_noa"
taguchi_hiroki_ncl,"taguchi_hiroki_ncl"
taniyama_tetsuya_mls,"taniyama_tetsuya_mls"
tomoko_henley_noa,"tomoko_henley_noa"
watanabe_shota_ncl,"watanabe_shota_ncl"
yamane_ayaka_mc,"yamane_ayaka_mc"
adeline_chetail_unknown,"adeline_chetail_unknown"
andy_kolden_noa,"andy_kolden_noa"
aristides_gomez_animationcafe,"aristides_gomez_animationcafe"
azuma_ayahiko_mls,"azuma_ayahiko_mls"
barbara_pisani_noe,"barbara_pisani_noe"
carlo_esposito_noa,"carlo_esposito_noa"
dirk_petrick_unknown,"dirk_petrick_unknown"
hayashidani_daiki_mls,"hayashidani_daiki_mls"
imai_takehiro_mls,"imai_takehiro_mls"
kirk_buchanan_noa,"kirk_buchanan_noa"
maruyama_yuka_kenproduction,"maruyama_yuka_kenproduction"
nomura_tadashi_mls,"nomura_tadashi_mls"
raul_guerrero_plaza_noe,"raul_guerrero_plaza_noe"
sanda_atsushi_dh,"sanda_atsushi_dh"
srd_co___ltd__corp,"srd_co___ltd__corp"
steven_grimm_noa,"steven_grimm_noa"
takahashi_miwa_mls,"takahashi_miwa_mls"
uchino_yuta_seven dreams,"uchino_yuta_seven dreams"
uematsu_haruya_ncl,"uematsu_haruya_ncl"
uno_kanako_mls,"uno_kanako_mls"
young_kim_noa,"young_kim_noa"
animationcafe_inc__corp,"animationcafe_inc__corp"
aonuma_eiji_unknown,"aonuma_eiji_unknown"
corey_bunnell_ncl,"corey_bunnell_ncl"
iwasaki_ryo_artsvision,"iwasaki_ryo_artsvision"
masuzawa_erina_mls,"masuzawa_erina_mls"
nara_hiroki_mls,"nara_hiroki_mls"
nic_romm_unknown,"nic_romm_unknown"
ooka_yumi_dynapix,"ooka_yumi_dynapix"
sakaguchi_yuma_neuron,"sakaguchi_yuma_neuron"
shinozaki_yuki_pmc,"shinozaki_yuki_pmc"
soga_hiroyuki_mls,"soga_hiroyuki_mls"
thoris_co___ltd__corp,"thoris_co___ltd__corp"
yamada_tomohiro_anima,"yamada_tomohiro_anima"
yonezu_makoto_ncl,"yonezu_makoto_ncl"
aamer_khan_noa,"aamer_khan_noa"
biwasaka_shinichiro_ncl,"biwasaka_shinichiro_ncl"
hino_miho_kenproduction,"hino_miho_kenproduction"
iga_naomi_ncl,"iga_naomi_ncl"
jason_mahaffa_noa,"jason_mahaffa_noa"
kawashima_akihiro_seven dreams,"kawashima_akihiro_seven dreams"
miyagi_shoya_mls,"miyagi_shoya_mls"
monserrat_mendoza_gonzalez_unknown,"monserrat_mendoza_gonzalez_unknown"
moriyama_toyoharu_mls,"moriyama_toyoharu_mls"
sato_hideki_imagica_bhe,"sato_hideki_imagica_bhe"
shimamura_tatsuya_imagica_bhe,"shimamura_tatsuya_imagica_bhe"
suga_yuri_imagica_bhe,"suga_yuri_imagica_bhe"
tamamori_shun_mls,"tamamori_shun_mls"
tania_de_domenico_unknown,"tania_de_domenico_unknown"
tilo_schmitz_unknown,"tilo_schmitz_unknown"
yamaura_tetsuya_ncl,"yamaura_tetsuya_ncl"
angel_moreno_colmena_noe,"angel_moreno_colmena_noe"
chiba_syusaku_mls,"chiba_syusaku_mls"
claudia_smith_noe,"claudia_smith_noe"
face_music_corp,"face_music_corp"
graham_gidney_noa,"graham_gidney_noa"
hasegawa_tomo_cri,"hasegawa_tomo_cri"
hishinuma_seiichi_mls,"hishinuma_seiichi_mls"
james_dillon_noa,"james_dillon_noa"
jinbo_chihiro_rococo,"jinbo_chihiro_rococo"
jonathan_ota_noa,"jonathan_ota_noa"
michael_benedetto_noa,"michael_benedetto_noa"
muto_michiko_mls,"muto_michiko_mls"
ogasawara_shin_imagica,"ogasawara_shin_imagica"
omatsu_saina_mls,"omatsu_saina_mls"
sofia_o_connell_unknown,"sofia_o_connell_unknown"
takeguchi_masahiro_ncl,"takeguchi_masahiro_ncl"
takita_saki_ncl,"takita_saki_ncl"
yoshizawa_ryo_dh,"yoshizawa_ryo_dh"
arimitsu_masahiro_mls,"arimitsu_masahiro_mls"
hamaya_yuta_unknown,"hamaya_yuta_unknown"
hana_sova_noa,"hana_sova_noa"
higashi_tomomichi_imagica_bhe,"higashi_tomomichi_imagica_bhe"
kato_atsuko_qtron,"kato_atsuko_qtron"
kevin_murray_noe,"kevin_murray_noe"
laetitia_lefebvre_unknown,"laetitia_lefebvre_unknown"
mizoguchi_karen_mls,"mizoguchi_karen_mls"
polycraft_co___ltd__corp,"polycraft_co___ltd__corp"
scott_crisp_unknown,"scott_crisp_unknown"
tsurunosono_ryuichi_dynapix,"tsurunosono_ryuichi_dynapix"
chaen_ichiro_imagica,"chaen_ichiro_imagica"
daijiro_imoto_noa,"daijiro_imoto_noa"
empty_sea_audio_corp,"empty_sea_audio_corp"
florian_hoffmann_unknown,"florian_hoffmann_unknown"
hirano_hiroki_ncl,"hirano_hiroki_ncl"
irina_indigo_unknown,"irina_indigo_unknown"
isokane_takahiro_srd,"isokane_takahiro_srd"
julia_casper_unknown,"julia_casper_unknown"
kimura_daiki_srd,"kimura_daiki_srd"
kobayashi_takuya_dh,"kobayashi_takuya_dh"
magdalena_turba_unknown,"magdalena_turba_unknown"
marcel_navarro_unknown,"marcel_navarro_unknown"
ochi_shoka_ncl,"ochi_shoka_ncl"
sakai_yutaro_ncl,"sakai_yutaro_ncl"
thomas_den_haan_noe,"thomas_den_haan_noe"
tsumita_yuichiro_mls,"tsumita_yuichiro_mls"
akasaka_jumpei_ncl,"akasaka_jumpei_ncl"
hannah_siebert_noe,"hannah_siebert_noe"
haze_younts_noa,"haze_younts_noa"
jake_lokholm_noa,"jake_lokholm_noa"
marjolaine_drouin_noa,"marjolaine_drouin_noa"
marta_martin_unknown,"marta_martin_unknown"
ryan_peterson_noa,"ryan_peterson_noa"
sofia_gnyubkina_bbds,"sofia_gnyubkina_bbds"
takahashi_shinya_unknown,"takahashi_shinya_unknown"
ty_cummings_noa,"ty_cummings_noa"
yamanaka_tomoyo_mls,"yamanaka_tomoyo_mls"
aoki_kunio_mls,"aoki_kunio_mls"
kerygma_flores_unknown,"kerygma_flores_unknown"
koido_takaaki_mls,"koido_takaaki_mls"
kyle_schlagel_noa,"kyle_schlagel_noa"
maeda_naoto_imagica_bhe,"maeda_naoto_imagica_bhe"
maxim_onischenko_unknown,"maxim_onischenko_unknown"
oyama_tomo_ncl,"oyama_tomo_ncl"
saskia_doorschodt_noe,"saskia_doorschodt_noe"
sato_mayu_mls,"sato_mayu_mls"
shirogumi_inc__corp,"shirogumi_inc__corp"
wei-wei_lin_noa,"wei-wei_lin_noa"
cristina_vee_valenzuela_unknown,"cristina_vee_valenzuela_unknown"
deborah_morese_unknown,"deborah_morese_unknown"
gao_fang_cri,"gao_fang_cri"
gunnar_friedrich_noe,"gunnar_friedrich_noe"
maeda_mai_dh,"maeda_mai_dh"
maeno_ryuju_ncl,"maeno_ryuju_ncl"
shinohara_kota_pmc,"shinohara_kota_pmc"
tomo_ishiyama_noa,"tomo_ishiyama_noa"
ueno_shohei_mc,"ueno_shohei_mc"
cgcg_studio_inc__corp,"cgcg_studio_inc__corp"
hiraoka_manabu_ncl,"hiraoka_manabu_ncl"
jennifer_wei__unknown,"jennifer_wei__unknown"
miyahara_shuta_mls,"miyahara_shuta_mls"
mori_wataru_ncl,"mori_wataru_ncl"
morito_sachi_mc,"morito_sachi_mc"
murakami_masatoshi__mls,"murakami_masatoshi__mls"
pasquale_miceli_noe,"pasquale_miceli_noe"
rene_dawn-claude_unknown,"rene_dawn-claude_unknown"
yajima_takeshi_pmc,"yajima_takeshi_pmc"
alicia_vega_lamela_noe,"alicia_vega_lamela_noe"
cho_yunju_ncl,"cho_yunju_ncl"
iwata_yuki_dh,"iwata_yuki_dh"
joel_mulachs_unknown,"joel_mulachs_unknown"
kato_ramu_individual,"kato_ramu_individual"
kobori_miyuki_kenproduction,"kobori_miyuki_kenproduction"
matsukubo_iho_artsvision,"matsukubo_iho_artsvision"
miyagawa_nagisa_individual,"miyagawa_nagisa_individual"
mogi_noriko_imagica_bhe,"mogi_noriko_imagica_bhe"
abe_hideaki_ncl,"abe_hideaki_ncl"
araceli_mazon_figueroa_noe,"araceli_mazon_figueroa_noe"
hara_shohei_dynapix,"hara_shohei_dynapix"
immense_graffiti_inc__corp,"immense_graffiti_inc__corp"
ito_daiki_mls,"ito_daiki_mls"
kaman_chui_mc,"kaman_chui_mc"
kanetani_hitoshi_ncl,"kanetani_hitoshi_ncl"
karen_yuen_noa,"karen_yuen_noa"
kindra_timmerwilke_noa,"kindra_timmerwilke_noa"
kristina_sherman_unknown,"kristina_sherman_unknown"
nishino_akiko_pmc,"nishino_akiko_pmc"
omote_hiroki_mls,"omote_hiroki_mls"
ono_kotaro_dh,"ono_kotaro_dh"
q_dequina_noa,"q_dequina_noa"
rianti_hidayat_seven dreams,"rianti_hidayat_seven dreams"
sawaguchi_hirotake_mls,"sawaguchi_hirotake_mls"
sumaki_kazuya_ncl,"sumaki_kazuya_ncl"
suzuki_hayato_dh,"suzuki_hayato_dh"
test_engineering_technicians_noa,"test_engineering_technicians_noa"
yamada_yuki_ncl,"yamada_yuki_ncl"
yamamoto_kazuki_dh,"yamamoto_kazuki_dh"
yamamoto_yuta_ncl,"yamamoto_yuta_ncl"
yoshioka_jun_mls,"yoshioka_jun_mls"
akihira_maher_noa,"akihira_maher_noa"
ariyoshi_yuki_imagica_bhe,"ariyoshi_yuki_imagica_bhe"
hatanaka_kosei_cri,"hatanaka_kosei_cri"
imamura_yoshino_quackluck,"imamura_yoshino_quackluck"
jordan_amaro_ncl,"jordan_amaro_ncl"
kuramochi_sho_mls,"kuramochi_sho_mls"
mathieu_springinsfeld_noe,"mathieu_springinsfeld_noe"
nakamura_taro_mls,"nakamura_taro_mls"
nakata_takafumi_unknown,"nakata_takafumi_unknown"
reo_nagumo_s-racer,"reo_nagumo_s-racer"
tanaka_masaki_mls,"tanaka_masaki_mls"
typhoon_graphics_co___ltd__corp,"typhoon_graphics_co___ltd__corp"
egashira_masami_dh,"egashira_masami_dh"
furukawa_akira_ncl,"furukawa_akira_ncl"
guillermo_reinlein_unknown,"guillermo_reinlein_unknown"
hayami_shun_ncl,"hayami_shun_ncl"
igarashi_moe_mls,"igarashi_moe_mls"
ikeuchi_junki_ncl,"ikeuchi_junki_ncl"
iwakiri_akari_mls,"iwakiri_akari_mls"
jon_mcguire_noa,"jon_mcguire_noa"
maruko_ryota_ncl,"maruko_ryota_ncl"
marzia_faustinelli_noe,"marzia_faustinelli_noe"
mori_kenichi_nac,"mori_kenichi_nac"
saito_tomohisa_ncl,"saito_tomohisa_ncl"
sasaki_ryota_mls,"sasaki_ryota_mls"
takahashi_kazuya_imagica,"takahashi_kazuya_imagica"
takizaki_hisashi_mc,"takizaki_hisashi_mc"
uchiyama_hiroshi_mls,"uchiyama_hiroshi_mls"
yamada_shinji_mls,"yamada_shinji_mls"
aida_sayaka_artsvision,"aida_sayaka_artsvision"
alessandro_crosa_noe,"alessandro_crosa_noe"
elizabeth_maxwell_unknown,"elizabeth_maxwell_unknown"
florence_d_anterroches_noe,"florence_d_anterroches_noe"
frank_caraan_noa,"frank_caraan_noa"
ian_haney_noa,"ian_haney_noa"
ishida_takeshi_ncl,"ishida_takeshi_ncl"
iwasaki_shintaro_mls,"iwasaki_shintaro_mls"
kataoka_toyoki_ncl,"kataoka_toyoki_ncl"
koike_majid_unknown,"koike_majid_unknown"
marco_andrade_noa,"marco_andrade_noa"
mario_club_co___ltd__corp,"mario_club_co___ltd__corp"
negishi_satoshi_shirogumi,"negishi_satoshi_shirogumi"
tokuno_akari_dh,"tokuno_akari_dh"
yoriko_marusich_noa,"yoriko_marusich_noa"
aikawa_natsuki_kenproduction,"aikawa_natsuki_kenproduction"
andrei_archakov_unknown,"andrei_archakov_unknown"
billy_carroll_noa,"billy_carroll_noa"
chris_domingo_noa,"chris_domingo_noa"
dutch_hixenbaugh_noa,"dutch_hixenbaugh_noa"
elizabeth_arteaga_noa,"elizabeth_arteaga_noa"
ishiyama_naoki_ncl,"ishiyama_naoki_ncl"
kay_cal_noa,"kay_cal_noa"
kitamura_keigo_quackluck,"kitamura_keigo_quackluck"
kondo_sakie_mc,"kondo_sakie_mc"
makiko_szolas_noa,"makiko_szolas_noa"
matsuoka_kengo_bbds,"matsuoka_kengo_bbds"
mogami_tsuguo_kenproduction,"mogami_tsuguo_kenproduction"
shimura_nami_mls,"shimura_nami_mls"
tanaka_ryunosuke_mls,"tanaka_ryunosuke_mls"
teraoka_natsuki_mls,"teraoka_natsuki_mls"
urakawa_kanako_mls,"urakawa_kanako_mls"
wei_ting_lin_pmc,"wei_ting_lin_pmc"
yevheniia_galajdova_noe,"yevheniia_galajdova_noe"
fujibayashi_hidemaro_ncl,"fujibayashi_hidemaro_ncl"
fujimoto_chika_dh,"fujimoto_chika_dh"
joachim_lust_noe,"joachim_lust_noe"
katsuma_kento_digitalfrontier,"katsuma_kento_digitalfrontier"
kawabe_yumiko_imagica_bhe,"kawabe_yumiko_imagica_bhe"
laurent_godinot_noe,"laurent_godinot_noe"
morita_tatsuya_cri,"morita_tatsuya_cri"
muto_masaki_ncl,"muto_masaki_ncl"
niitani_ryusuke_ncl,"niitani_ryusuke_ncl"
patricia_summersett_unknown,"patricia_summersett_unknown"
shimazu_kuon_mls,"shimazu_kuon_mls"
shinoda_erika_mls,"shinoda_erika_mls"
soyama_rie_dh,"soyama_rie_dh"
sugiura_kanta_imagica_bhe,"sugiura_kanta_imagica_bhe"
tim_o_leary_noa,"tim_o_leary_noa"
yamaue_shikou_ncl,"yamaue_shikou_ncl"
eduardo_zepeda_unknown,"eduardo_zepeda_unknown"
farahnaz_nikray_free,"farahnaz_nikray_free"
fujisawa_hideaki_cri,"fujisawa_hideaki_cri"
iwata_kazuya_mls,"iwata_kazuya_mls"
kikumi_hikari_imagica_bhe,"kikumi_hikari_imagica_bhe"
kodama_mitsutoshi_ncl,"kodama_mitsutoshi_ncl"
miyagi_ayaki_ncl,"miyagi_ayaki_ncl"
miyazaki_atsuyoshi_free,"miyazaki_atsuyoshi_free"
nakaide_takanori_nac,"nakaide_takanori_nac"
nonaka_hideaki_artsvision,"nonaka_hideaki_artsvision"
okamura_yuichiro_ncl,"okamura_yuichiro_ncl"
osaki_masayoshi_dh,"osaki_masayoshi_dh"
ptw_shanghai_co___ltd__corp,"ptw_shanghai_co___ltd__corp"
raul_valadez_unknown,"raul_valadez_unknown"
steven_kim_noa,"steven_kim_noa"
tamura_naoya_mls,"tamura_naoya_mls"
ando_hiroshi_mls,"ando_hiroshi_mls"
arakawa_risa_digitalfrontier,"arakawa_risa_digitalfrontier"
benoit_dupac_unknown,"benoit_dupac_unknown"
hasegawa_taiga_mls,"hasegawa_taiga_mls"
iemura_saki_mls,"iemura_saki_mls"
ihar_havenka_noe,"ihar_havenka_noe"
katsuo_wataru_mls,"katsuo_wataru_mls"
kenproduction_co___ltd__corp,"kenproduction_co___ltd__corp"
kristof_deboel_noe,"kristof_deboel_noe"
pamela_waters_noa,"pamela_waters_noa"
phoenix_tidwell_noa,"phoenix_tidwell_noa"
takasuka_dai_ncl,"takasuka_dai_ncl"
thomas_schmuckert_unknown,"thomas_schmuckert_unknown"
yamaguchi_noboru_artsvision,"yamaguchi_noboru_artsvision"
yamamoto_makiko_imagica_bhe,"yamamoto_makiko_imagica_bhe"
akita_shota_mls,"akita_shota_mls"
alfonso_valles_unknown,"alfonso_valles_unknown"
beatrice_caggiula_unknown,"beatrice_caggiula_unknown"
chiara_leoncini_unknown,"chiara_leoncini_unknown"
david_valdez-lazo_noa,"david_valdez-lazo_noa"
fukuyama_heita_srd,"fukuyama_heita_srd"
hirokane_mariko_individual,"hirokane_mariko_individual"
jordan_price_noa,"jordan_price_noa"
kawamura_kazuhide_mls,"kawamura_kazuhide_mls"
konishi_fumi_mls,"konishi_fumi_mls"
laurent_siddi_noe,"laurent_siddi_noe"
margarita_jabner_noe,"margarita_jabner_noe"
meli_g_unknown,"meli_g_unknown"
morita_kazuaki_srd,"morita_kazuaki_srd"
oguchi_mari_imagica_bhe,"oguchi_mari_imagica_bhe"
omura_keiichiro_ncl,"omura_keiichiro_ncl"
onodera_toshikazu_mls,"onodera_toshikazu_mls"
peter_eiselt_noe,"peter_eiselt_noe"
rococo_inc__corp,"rococo_inc__corp"
sabrina_bonfitto_unknown,"sabrina_bonfitto_unknown"
sara_sainz_nieto_noe,"sara_sainz_nieto_noe"
shinomiya_go_kenproduction,"shinomiya_go_kenproduction"
tiziana_martello_unknown,"tiziana_martello_unknown"
twenty_eleven_co__ltd__corp,"twenty_eleven_co__ltd__corp"
arakawa_shotaro_zerowave,"arakawa_shotaro_zerowave"
cristian_castellanos_noa,"cristian_castellanos_noa"
erika_webright_noa,"erika_webright_noa"
evan_wright_noa,"evan_wright_noa"
furukawa_masaki_mc,"furukawa_masaki_mc"
fuwa_tomoko_individual,"fuwa_tomoko_individual"
hampton_tomomi_mls,"hampton_tomomi_mls"
hatada_shinji_srd,"hatada_shinji_srd"
ichigaya_kana_ncl,"ichigaya_kana_ncl"
itatsu_jumpei_mls,"itatsu_jumpei_mls"
ling_fong_fan_noe,"ling_fong_fan_noe"
toshihisa_nikaido_mls,"toshihisa_nikaido_mls"
ueno_mu_anima,"ueno_mu_anima"
ces_entertainment_inc_corp,"ces_entertainment_inc_corp"
fukushima_takatsugu_cri,"fukushima_takatsugu_cri"
hathlogic_inc__corp,"hathlogic_inc__corp"
isabel_faccini_borjas_imagica_bhe,"isabel_faccini_borjas_imagica_bhe"
maria_luisa_maganya_unknown,"maria_luisa_maganya_unknown"
matsui_eriko_ncl,"matsui_eriko_ncl"
mitsuishi_taiki_ncl,"mitsuishi_taiki_ncl"
murakami_naoto_mls,"murakami_naoto_mls"
sawamura_eiko_rococo,"sawamura_eiko_rococo"
usuda_tadahiro_mls,"usuda_tadahiro_mls"
dohta_takuhiro_ncl,"dohta_takuhiro_ncl"
kikuchi_kazunari_cri,"kikuchi_kazunari_cri"
kira_yuki_dh,"kira_yuki_dh"
kurimura_tomomitsu_dh,"kurimura_tomomitsu_dh"
otani_ryohei_mc,"otani_ryohei_mc"
rees_holsberry_noa,"rees_holsberry_noa"
sato_yuji_charabans,"sato_yuji_charabans"
sato_yuya_ncl,"sato_yuya_ncl"
tachi_mizuki_anima,"tachi_mizuki_anima"
takao_yuichiro_bbds,"takao_yuichiro_bbds"
taniwa_hiroyuki_srd,"taniwa_hiroyuki_srd"
toshimori_hiroyoshi_dh,"toshimori_hiroyoshi_dh"
toyama_shuma_ncl,"toyama_shuma_ncl"
uramoto_rina_mc,"uramoto_rina_mc"
yamawaki_takumi_dh,"yamawaki_takumi_dh"
andrea_marino_noe,"andrea_marino_noe"
byune_sanggi_mls,"byune_sanggi_mls"
cathy_cerda_unknown,"cathy_cerda_unknown"
creek_&_river_co___ltd__corp,"creek_&_river_co___ltd__corp"
kira_hiroyuki_srd,"kira_hiroyuki_srd"
kuwano_yuki_mls,"kuwano_yuki_mls"
nakayama_taiki_cri,"nakayama_taiki_cri"
osaki_shinya_srd,"osaki_shinya_srd"
philippe_phothisane_nerd,"philippe_phothisane_nerd"
ptw_international_uk_ltd__corp,"ptw_international_uk_ltd__corp"
sakai_kenta_mls,"sakai_kenta_mls"
sergio_mesa_unknown,"sergio_mesa_unknown"
shimizu_shinya_dh,"shimizu_shinya_dh"
toyama_yukitaka_nac,"toyama_yukitaka_nac"
yuguchi_mai_mls,"yuguchi_mai_mls"
andy_podell_noa,"andy_podell_noa"
bernard_lanneau_unknown,"bernard_lanneau_unknown"
carles_llado_unknown,"carles_llado_unknown"
elena_barra_unknown,"elena_barra_unknown"
galia_rodriguez_hornedo_noa,"galia_rodriguez_hornedo_noa"
hara_masahiro_mc,"hara_masahiro_mc"
hoonkyung_lee_nok,"hoonkyung_lee_nok"
horiuchi_hayato_mc,"horiuchi_hayato_mc"
jiong_zhang_ique,"jiong_zhang_ique"
kaneoka_kazue_ncl,"kaneoka_kazue_ncl"
katie_dunlop_noa,"katie_dunlop_noa"
kondo_keita_mls,"kondo_keita_mls"
nishikawa_keisuke_ncl,"nishikawa_keisuke_ncl"
okudera_yoji_ncl,"okudera_yoji_ncl"
sumiyoshi_nobuhiro_srd,"sumiyoshi_nobuhiro_srd"
akao_minami_ncl,"akao_minami_ncl"
ilja_koster__unknown,"ilja_koster__unknown"
okamoto_junya_srd,"okamoto_junya_srd"
ou_reizyuu_bbds,"ou_reizyuu_bbds"
pietro_ubaldi_unknown,"pietro_ubaldi_unknown"
qualia_writers_inc__corp,"qualia_writers_inc__corp"
sean_egan_noa,"sean_egan_noa"
shinma_nobuyuki_mls,"shinma_nobuyuki_mls"
simpson_katherine_mc,"simpson_katherine_mc"
stanislav_tikunov_unknown,"stanislav_tikunov_unknown"
takabayashi_chiharu_ncl,"takabayashi_chiharu_ncl"
alessandro_tardito_noe,"alessandro_tardito_noe"
julie_costanza_unknown,"julie_costanza_unknown"
kawamoto_kazumasa_imagica_bhe,"kawamoto_kazumasa_imagica_bhe"
nonaka_tamiyo_kenproduction,"nonaka_tamiyo_kenproduction"
tominaga_eri_cri,"tominaga_eri_cri"
yamamoto_takuya_seven dreams,"yamamoto_takuya_seven dreams"
yamazoe_yoshinori_mls,"yamazoe_yoshinori_mls"
yumoto_tokuhiro_mls,"yumoto_tokuhiro_mls"
